[
  {
    "Id": "0",
    "Name": "WifiExample_1.0",
    "DevelopmentStatus": "Stable",
    "Description": "This is the first release of the project: the 1.0!\nThis is costituted from:\n\n| wifi_testing.c    | the real sorce file |\n| sources    | the build file (to use with the WDK enviroment) |\n\nIn this release you can find an archive with the running application (built for Window XP);\nand one archive with the source files (the one above) to build the application for every enviroment.",
    "ReleasedDatge": "0001-01-01T00:00:00",
    "ModifiedDate": "2011-01-14T22:32:27.11-08:00",
    "Files": [
      {
        "Id": "9ef61ae7-05d9-47d4-9474-24b8c4e8dfd3",
        "FileName": "WifiExample_1.0_bin.zip",
        "Url": "./0/9ef61ae7-05d9-47d4-9474-24b8c4e8dfd3",
        "Type": "Application",
        "UploadDate": "2010-10-20T12:44:53.913-07:00"
      },
      {
        "Id": "9ca23ee9-506d-4711-b31f-650171515051",
        "FileName": "WifiExample_1.0_src.zip",
        "Url": "./0/9ca23ee9-506d-4711-b31f-650171515051",
        "Type": "Source Code",
        "UploadDate": "2010-10-20T12:44:53.947-07:00"
      }
    ]
  }
]